insight_id,account_id,insight_type,insight_level,title,key_takeaway,what_happened,what_this_means,metrics,status,date,disposition_tag,comparison_period,ad_type,source,competitor_urls,own_brand_urls,all_domains,all_brand_mentions,own_sentiment_detail,source_type_distribution,response_samples,scrape_date_range,scrape_date_count,total_citation_rows,unique_urls,unique_domains
c0f98434-a702-4740-a72e-bdc6e7053aef,9974,CONTENT_GAP,PROMPT,Not mentioned or cited — competitors dominate,"Capital One has 0% mention rate and 0% citation rate for this prompt. Competitors mentioned: Barclaycard (18), TSB (9), HSBC (9).","Prompt: ""best balance transfer cards""
Scrapes analysed: 15
Total citations: 172
Capital One mentions: 0
Capital One citations: 0
Competitor mentions: 96
Top competitors: Barclaycard (18), TSB (9), HSBC (9)
Top cited sources: forbes.com, which.co.uk, goodmoneyguide.com","Capital One is completely absent from LLM responses for this high-intent prompt. Competitors are being mentioned and their content is being cited. Forbes alone accounts for 51 of 172 citations. This represents a significant content gap — Capital One needs discoverable, authoritative content targeting balance transfer comparisons to earn visibility here.","{""prompt"": ""best balance transfer cards"", ""own_mention_rate"": 0.0, ""own_source_rate"": 0.0, ""own_mention_count"": 0, ""own_source_count"": 0, ""total_citations"": 172, ""cautionary_rate"": 0.0, ""recommended_rate"": 0.0, ""competitor_mentions"": 70, ""top_competitors"": [{""name"": ""Barclaycard"", ""count"": 18}, {""name"": ""TSB"", ""count"": 9}, {""name"": ""HSBC"", ""count"": 9}, {""name"": ""Tesco Bank"", ""count"": 8}, {""name"": ""NatWest"", ""count"": 8}], ""top_sources"": [{""domain"": ""forbes.com"", ""count"": 51}, {""domain"": ""which.co.uk"", ""count"": 44}, {""domain"": ""goodmoneyguide.com"", ""count"": 30}], ""source_types"": {""Editorial Publication"": 120, ""Review / Comparison"": 47, ""Direct Competitor"": 4, ""UGC / Community"": 1}, ""mention_trend"": ""Stable"", ""period_1_mention_rate"": 0.0, ""period_2_mention_rate"": 0.0, ""trend_delta"": 0.0, ""trend_method"": ""week_over_week_2w_avg"", ""weekly_breakdown"": {""2026-W08"": {""avg_mention_rate"": 0.0, ""scrape_days"": 4}, ""2026-W09"": {""avg_mention_rate"": 0.0, ""scrape_days"": 4}, ""2026-W10"": {""avg_mention_rate"": 0.0, ""scrape_days"": 4}, ""2026-W11"": {""avg_mention_rate"": 0.0, ""scrape_days"": 2}, ""2026-W12"": {""avg_mention_rate"": 0.0, ""scrape_days"": 1}}}",Invisible,2026-03-19,,2026-02-17 to 2026-03-17,,chatgpt,"[{""url"": ""https://www.forbes.com/uk/advisor/credit-cards/balance-transfer/?utm_source=chatgpt.com"", ""domain"": ""forbes.com"", ""citations"": 38, ""source_type"": ""Editorial Publication""}, {""url"": ""https://www.which.co.uk/money/credit-cards-and-loans/credit-cards/best-credit-card-deals/best-0-balance-transfer-credit-cards-atmfj4r64a0d?mi_ecmp=m_mw_em_271221&mi_u=211867976&utm_source=chatgpt.com"", ""domain"": ""which.co.uk"", ""citations"": 38, ""source_type"": ""Review / Comparison""}, {""url"": ""https://goodmoneyguide.com/banking/credit-cards/balance-transfer-credit-cards/?utm_source=chatgpt.com"", ""domain"": ""goodmoneyguide.com"", ""citations"": 30, ""source_type"": ""Editorial Publication""}]",[],"[{""domain"": ""forbes.com"", ""citations"": 51, ""source_type"": ""Editorial Publication"", ""unique_urls"": 2}, {""domain"": ""which.co.uk"", ""citations"": 44, ""source_type"": ""Review / Comparison"", ""unique_urls"": 2}, {""domain"": ""goodmoneyguide.com"", ""citations"": 30, ""source_type"": ""Editorial Publication"", ""unique_urls"": 1}, {""domain"": ""theguardian.com"", ""citations"": 8, ""source_type"": ""Editorial Publication"", ""unique_urls"": 1}, {""domain"": ""moneyweek.com"", ""citations"": 7, ""source_type"": ""Editorial Publication"", ""unique_urls"": 2}, {""domain"": ""moneynet.co.uk"", ""citations"": 6, ""source_type"": ""Editorial Publication"", ""unique_urls"": 2}, {""domain"": ""fool.com"", ""citations"": 5, ""source_type"": ""Editorial Publication"", ""unique_urls"": 2}, {""domain"": ""lovemoney.com"", ""citations"": 4, ""source_type"": ""Editorial Publication"", ""unique_urls"": 1}, {""domain"": ""nerdwallet.com"", ""citations"": 4, ""source_type"": ""Editorial Publication"", ""unique_urls"": 1}, {""domain"": ""moneytothemasses.com"", ""citations"": 3, ""source_type"": ""Editorial Publication"", ""unique_urls"": 1}, {""domain"": ""erpcrmzone.com"", ""citations"": 3, ""source_type"": ""Review / Comparison"", ""unique_urls"": 1}, {""domain"": ""mintify.uk"", ""citations"": 2, ""source_type"": ""Editorial Publication"", ""unique_urls"": 2}, {""domain"": ""nationwide.co.uk"", ""citations"": 2, ""source_type"": ""Direct Competitor"", ""unique_urls"": 1}, {""domain"": ""hsbc.co.uk"", ""citations"": 1, ""source_type"": ""Direct Competitor"", ""unique_urls"": 1}, {""domain"": ""reddit.com"", ""citations"": 1, ""source_type"": ""UGC / Community"", ""unique_urls"": 1}, {""domain"": ""natwest.com"", ""citations"": 1, ""source_type"": ""Direct Competitor"", ""unique_urls"": 1}]","[{""brand"": ""Barclaycard"", ""count"": 18, ""sentiment"": {""Informational"": 17, ""Recommended"": 1}, ""is_competitor"": true, ""is_editorial_institutional"": false}, {""brand"": ""TSB"", ""count"": 9, ""sentiment"": {""Informational"": 9}, ""is_competitor"": true, ""is_editorial_institutional"": false}, {""brand"": ""HSBC"", ""count"": 9, ""sentiment"": {""Informational"": 9}, ""is_competitor"": true, ""is_editorial_institutional"": false}, {""brand"": ""Tesco Bank"", ""count"": 8, ""sentiment"": {""Informational"": 8}, ""is_competitor"": true, ""is_editorial_institutional"": false}, {""brand"": ""NatWest"", ""count"": 8, ""sentiment"": {""Informational"": 8}, ""is_competitor"": true, ""is_editorial_institutional"": false}, {""brand"": ""Santander"", ""count"": 8, ""sentiment"": {""Informational"": 8}, ""is_competitor"": true, ""is_editorial_institutional"": false}, {""brand"": ""Virgin Money"", ""count"": 6, ""sentiment"": {""Informational"": 6}, ""is_competitor"": true, ""is_editorial_institutional"": false}, {""brand"": ""MBNA"", ""count"": 4, ""sentiment"": {""Informational"": 4}, ""is_competitor"": true, ""is_editorial_institutional"": false}, {""brand"": ""MoneySavingExpert"", ""count"": 3, ""sentiment"": {""Informational"": 3}, ""is_competitor"": false, ""is_editorial_institutional"": true}, {""brand"": ""Forbes"", ""count"": 2, ""sentiment"": {""Comparative-Neutral"": 1, ""Recommended"": 1}, ""is_competitor"": false, ""is_editorial_institutional"": true}, {""brand"": ""Compare the Market"", ""count"": 1, ""sentiment"": {""Informational"": 1}, ""is_competitor"": false, ""is_editorial_institutional"": true}]",{},"{""Editorial Publication"": 120, ""Review / Comparison"": 47, ""Direct Competitor"": 4, ""UGC / Community"": 1}","[{""url"": ""https://www.forbes.com/uk/advisor/credit-cards/balance-transfer/?utm_source=chatgpt.com"", ""domain"": ""forbes.com"", ""description"": ""Here\u2019s a current snapshot of the best balance transfer credit card options available in the UK (early 2026) \u2014 ideal if you want to move debt from high-interest cards and pay it off interest-free for a period. Forbes 1+"", ""citations"": 38}, {""url"": ""https://www.which.co.uk/money/credit-cards-and-loans/credit-cards/best-credit-card-deals/best-0-balance-transfer-credit-cards-atmfj4r64a0d?mi_ecmp=m_mw_em_271221&mi_u=211867976&utm_source=chatgpt.com"", ""domain"": ""which.co.uk"", ""description"": ""Zero-fee options from Santander or NatWest \u2013 some products offer 0% transfer fee for ~12\u201315 months (availability can vary)."", ""citations"": 38}, {""url"": ""https://goodmoneyguide.com/banking/credit-cards/balance-transfer-credit-cards/?utm_source=chatgpt.com"", ""domain"": ""goodmoneyguide.com"", ""description"": ""MBNA Long 0% Balance Transfer \u2013 around 35 months 0% with one of the lower transfer fees (~2.99%)."", ""citations"": 30}, {""url"": ""https://www.forbes.com/advisor/uk/credit-cards/balance-transfer/?utm_source=chatgpt.com"", ""domain"": ""forbes.com"", ""description"": ""Here\u2019s a snapshot of some of the best balance transfer credit cards available in the UK right now (good for consolidating existing credit card debt and saving on interest), based on recent market comparisons and expert guides \ud83d\udc47 Forbes 2+ Which? 2+"", ""citations"": 13}, {""url"": ""https://www.theguardian.com/money/2026/jan/21/uk-credit-cards-best-deals-apr-0-transfer-deals-air-miles-cashback?utm_source=chatgpt.com"", ""domain"": ""theguardian.com"", ""description"": ""\u2705 Use eligibility checkers first Soft-search tools (like on MoneySavingExpert) show which deals you\u2019re likely to get without affecting your credit score."", ""citations"": 8}]",2026-02-18 to 2026-03-17,15,172,22,16
d978fee7-1bfc-463d-99f7-b325ec02e619,9974,COMPETITIVE_THREAT,PROMPT,Mentions declining sharply — down 13pp in recent period,Capital One's mention rate has dropped from 18.4% to 5.4% while Aqua and Barclaycard maintain presence. This is core credit builder territory being lost.,"Prompt: ""credit cards for bad credit""
Scrapes analysed: 11
Total citations: 123
Capital One mentions: 13 (10.6%)
Capital One citations: 12 (9.8%)
Period 1 mention rate: 18.4%
Period 2 mention rate: 5.4%
Trend: Declining (-13.0pp)
Top competitors: Aqua (7), Barclaycard (3), Tesco Bank (3)
Top cited sources: experian.co.uk, forbes.com, capitalone.co.uk","Capital One is losing ground on one of its most important category prompts. Mention rate has dropped by 13 percentage points between the first and second halves of the scrape period. Aqua is the most frequently mentioned competitor with 7 mentions. The decline suggests either competitor content has improved or LLM source preferences have shifted. Investigate what Aqua and Barclaycard are doing differently — content freshness, structured data, or editorial coverage — and update Capital One's credit builder content accordingly.","{""prompt"": ""credit cards for bad credit"", ""own_mention_rate"": 10.6, ""own_source_rate"": 9.8, ""own_mention_count"": 13, ""own_source_count"": 12, ""total_citations"": 123, ""cautionary_rate"": 2.4, ""recommended_rate"": 0.0, ""competitor_mentions"": 17, ""top_competitors"": [{""name"": ""Aqua"", ""count"": 7}, {""name"": ""Barclaycard"", ""count"": 3}, {""name"": ""Tesco Bank"", ""count"": 3}, {""name"": ""Vanquis"", ""count"": 2}, {""name"": ""HSBC"", ""count"": 1}], ""top_sources"": [{""domain"": ""experian.co.uk"", ""count"": 14}, {""domain"": ""forbes.com"", ""count"": 13}, {""domain"": ""capitalone.co.uk"", ""count"": 10}], ""source_types"": {""Editorial Publication"": 77, ""Institutional Authority"": 18, ""Client Brand"": 12, ""Direct Competitor"": 8, ""Review / Comparison"": 7, ""UGC / Community"": 1}, ""mention_trend"": ""Declining"", ""period_1_mention_rate"": 18.1, ""period_2_mention_rate"": 4.0, ""trend_delta"": -14.2, ""trend_method"": ""week_over_week_2w_avg"", ""weekly_breakdown"": {""2026-W08"": {""avg_mention_rate"": 16.7, ""scrape_days"": 2}, ""2026-W09"": {""avg_mention_rate"": 19.5, ""scrape_days"": 2}, ""2026-W10"": {""avg_mention_rate"": 0.0, ""scrape_days"": 2}, ""2026-W11"": {""avg_mention_rate"": 7.9, ""scrape_days"": 5}}}",At Risk,2026-03-19,,2026-02-17 to 2026-03-17,,chatgpt,"[{""url"": ""https://www.experian.co.uk/consumer/credit-cards/guides/bad-credit.html?utm_source=chatgpt.com"", ""domain"": ""experian.co.uk"", ""citations"": 14, ""source_type"": ""Institutional Authority""}, {""url"": ""https://fineasier.com/credit-cards-best-for-bad-credit/?utm_source=chatgpt.com"", ""domain"": ""fineasier.com"", ""citations"": 10, ""source_type"": ""Editorial Publication""}, {""url"": ""https://www.forbes.com/uk/advisor/credit-cards/best-credit-cards-for-bad-credit/?utm_source=chatgpt.com"", ""domain"": ""forbes.com"", ""citations"": 10, ""source_type"": ""Editorial Publication""}]","[{""url"": ""https://www.capitalone.co.uk/creditcards/credit-cards-for-bad-credit?utm_source=chatgpt.com"", ""domain"": ""capitalone.co.uk"", ""citations"": 10}, {""url"": ""https://www.capitalone.com/learn-grow/money-management/getting-a-credit-card-with-bad-credit/?utm_source=chatgpt.com"", ""domain"": ""capitalone.com"", ""citations"": 2}]","[{""domain"": ""experian.co.uk"", ""citations"": 14, ""source_type"": ""Institutional Authority"", ""unique_urls"": 1}, {""domain"": ""forbes.com"", ""citations"": 13, ""source_type"": ""Editorial Publication"", ""unique_urls"": 2}, {""domain"": ""capitalone.co.uk"", ""citations"": 10, ""source_type"": ""Client Brand"", ""unique_urls"": 1}, {""domain"": ""fineasier.com"", ""citations"": 10, ""source_type"": ""Editorial Publication"", ""unique_urls"": 1}, {""domain"": ""nerdwallet.com"", ""citations"": 10, ""source_type"": ""Editorial Publication"", ""unique_urls"": 4}, {""domain"": ""bankrate.com"", ""citations"": 10, ""source_type"": ""Editorial Publication"", ""unique_urls"": 3}, {""domain"": ""moneytothemasses.com"", ""citations"": 8, ""source_type"": ""Editorial Publication"", ""unique_urls"": 1}, {""domain"": ""aquacard.co.uk"", ""citations"": 6, ""source_type"": ""Direct Competitor"", ""unique_urls"": 2}, {""domain"": ""nation.com"", ""citations"": 5, ""source_type"": ""Editorial Publication"", ""unique_urls"": 1}, {""domain"": ""which.co.uk"", ""citations"": 5, ""source_type"": ""Review / Comparison"", ""unique_urls"": 1}, {""domain"": ""zable.co.uk"", ""citations"": 4, ""source_type"": ""Editorial Publication"", ""unique_urls"": 2}, {""domain"": ""clearscore.com"", ""citations"": 4, ""source_type"": ""Editorial Publication"", ""unique_urls"": 1}, {""domain"": ""experian.com"", ""citations"": 4, ""source_type"": ""Institutional Authority"", ""unique_urls"": 1}, {""domain"": ""goodmoneyguide.com"", ""citations"": 3, ""source_type"": ""Editorial Publication"", ""unique_urls"": 1}, {""domain"": ""tescobank.com"", ""citations"": 2, ""source_type"": ""Direct Competitor"", ""unique_urls"": 1}, {""domain"": ""clearcredituk.com"", ""citations"": 2, ""source_type"": ""Editorial Publication"", ""unique_urls"": 1}, {""domain"": ""uswitch.com"", ""citations"": 2, ""source_type"": ""Review / Comparison"", ""unique_urls"": 1}, {""domain"": ""capitalone.com"", ""citations"": 2, ""source_type"": ""Client Brand"", ""unique_urls"": 1}, {""domain"": ""mastercard.com"", ""citations"": 2, ""source_type"": ""Editorial Publication"", ""unique_urls"": 1}, {""domain"": ""wallethub.com"", ""citations"": 2, ""source_type"": ""Editorial Publication"", ""unique_urls"": 1}, {""domain"": ""tilt.com"", ""citations"": 2, ""source_type"": ""Editorial Publication"", ""unique_urls"": 1}, {""domain"": ""reddit.com"", ""citations"": 1, ""source_type"": ""UGC / Community"", ""unique_urls"": 1}, {""domain"": ""investopedia.com"", ""citations"": 1, ""source_type"": ""Editorial Publication"", ""unique_urls"": 1}, {""domain"": ""choosa.co.uk"", ""citations"": 1, ""source_type"": ""Editorial Publication"", ""unique_urls"": 1}]","[{""brand"": ""Capital One"", ""count"": 13, ""sentiment"": {""Informational"": 10, ""Cautionary"": 3}, ""is_competitor"": false, ""is_editorial_institutional"": false}, {""brand"": ""Aqua"", ""count"": 7, ""sentiment"": {""Informational"": 4, ""Cautionary"": 3}, ""is_competitor"": true, ""is_editorial_institutional"": false}, {""brand"": ""Barclaycard"", ""count"": 3, ""sentiment"": {""Informational"": 3}, ""is_competitor"": true, ""is_editorial_institutional"": false}, {""brand"": ""Tesco Bank"", ""count"": 3, ""sentiment"": {""Informational"": 3}, ""is_competitor"": true, ""is_editorial_institutional"": false}, {""brand"": ""Experian"", ""count"": 2, ""sentiment"": {""Cautionary"": 1, ""Informational"": 1}, ""is_competitor"": false, ""is_editorial_institutional"": true}, {""brand"": ""MoneySavingExpert"", ""count"": 2, ""sentiment"": {""Informational"": 2}, ""is_competitor"": false, ""is_editorial_institutional"": true}, {""brand"": ""Vanquis"", ""count"": 2, ""sentiment"": {""Informational"": 2}, ""is_competitor"": true, ""is_editorial_institutional"": false}, {""brand"": ""Equifax"", ""count"": 1, ""sentiment"": {""Informational"": 1}, ""is_competitor"": false, ""is_editorial_institutional"": true}, {""brand"": ""TransUnion"", ""count"": 1, ""sentiment"": {""Informational"": 1}, ""is_competitor"": false, ""is_editorial_institutional"": true}, {""brand"": ""HSBC"", ""count"": 1, ""sentiment"": {""Informational"": 1}, ""is_competitor"": true, ""is_editorial_institutional"": false}, {""brand"": ""Marbles"", ""count"": 1, ""sentiment"": {""Informational"": 1}, ""is_competitor"": true, ""is_editorial_institutional"": false}]","{""Informational"": 10, ""Cautionary"": 3}","{""Editorial Publication"": 77, ""Institutional Authority"": 18, ""Client Brand"": 12, ""Direct Competitor"": 8, ""Review / Comparison"": 7, ""UGC / Community"": 1}","[{""url"": ""https://www.experian.co.uk/consumer/credit-cards/guides/bad-credit.html?utm_source=chatgpt.com"", ""domain"": ""experian.co.uk"", ""description"": ""These cards are often called credit-builder cards \u2014 they have lower limits and higher interest rates , but can help you improve your credit score if you use them responsibly (e.g. paying on time and keeping balances low)."", ""citations"": 14}, {""url"": ""https://www.capitalone.co.uk/creditcards/credit-cards-for-bad-credit?utm_source=chatgpt.com"", ""domain"": ""capitalone.co.uk"", ""description"": ""Regular responsible use can improve your score over time."", ""citations"": 10}, {""url"": ""https://fineasier.com/credit-cards-best-for-bad-credit/?utm_source=chatgpt.com"", ""domain"": ""fineasier.com"", ""description"": ""Barclaycard Forward Credit Card \u2014 modest initial limits but extra features (e.g., 0% on purchases for a short period)."", ""citations"": 10}, {""url"": ""https://www.forbes.com/uk/advisor/credit-cards/best-credit-cards-for-bad-credit/?utm_source=chatgpt.com"", ""domain"": ""forbes.com"", ""description"": ""A focus on helping you rebuild your credit score if you make payments on time. Forbes 1+"", ""citations"": 10}, {""url"": ""https://moneytothemasses.com/using-credit/credit-cards/compare-credit-cards-for-bad-credit?utm_source=chatgpt.com"", ""domain"": ""moneytothemasses.com"", ""description"": ""Offers lower limits and higher APR but a gateway to future mainstream cards."", ""citations"": 8}]",2026-02-20 to 2026-03-13,11,123,32,24
c5c77be4-1945-40a0-8048-b3ee7fb1b63f,9974,BRAND_ATTRIBUTION,PROMPT,Mentioned but not cited — third parties control framing,Capital One is mentioned in 3.5% of responses but 0% of citations come from its own domain. American Express dominates with 21 mentions. All brand framing is controlled by third-party editorial sites.,"Prompt: ""best credit cards""
Scrapes analysed: 12
Total citations: 142
Capital One mentions: 5 (3.5%)
Capital One citations: 0 (0.0%)
Third-party rate: 100%
Top competitors: American Express (21), Barclaycard (12), Lloyds (10)
Top cited sources: moneytothemasses.com, forbes.com, clearcredituk.com","Capital One is being talked about but isn't the source of that information. moneytothemasses.com alone accounts for 60 of 142 citations, making it the dominant voice in how LLMs answer this query. Capital One has no owned content ranking here — every mention is framed by third-party editorial sites. Creating authoritative owned content targeting ""best credit cards"" would give Capital One more control over how it's positioned in these responses.","{""prompt"": ""best credit cards"", ""own_mention_rate"": 3.5, ""own_source_rate"": 0.0, ""own_mention_count"": 5, ""own_source_count"": 0, ""total_citations"": 142, ""cautionary_rate"": 0.0, ""recommended_rate"": 0.0, ""competitor_mentions"": 77, ""top_competitors"": [{""name"": ""American Express"", ""count"": 21}, {""name"": ""Barclaycard"", ""count"": 12}, {""name"": ""Lloyds"", ""count"": 10}, {""name"": ""Tesco Bank"", ""count"": 8}, {""name"": ""TSB"", ""count"": 6}], ""top_sources"": [{""domain"": ""moneytothemasses.com"", ""count"": 60}, {""domain"": ""forbes.com"", ""count"": 14}, {""domain"": ""clearcredituk.com"", ""count"": 11}], ""source_types"": {""Editorial Publication"": 110, ""Review / Comparison"": 30, ""Institutional Authority"": 2}, ""mention_trend"": ""Stable"", ""period_1_mention_rate"": 3.2, ""period_2_mention_rate"": 0.0, ""trend_delta"": -3.2, ""trend_method"": ""week_over_week_2w_avg"", ""weekly_breakdown"": {""2026-W08"": {""avg_mention_rate"": 5.7, ""scrape_days"": 3}, ""2026-W09"": {""avg_mention_rate"": 5.3, ""scrape_days"": 1}, ""2026-W10"": {""avg_mention_rate"": 1.2, ""scrape_days"": 4}, ""2026-W11"": {""avg_mention_rate"": 0.0, ""scrape_days"": 3}, ""2026-W12"": {""avg_mention_rate"": 0.0, ""scrape_days"": 1}}}",Opportunity,2026-03-19,,2026-02-17 to 2026-03-17,,chatgpt,"[{""url"": ""https://moneytothemasses.com/using-credit/credit-cards/best-credit-cards-in-the-uk?utm_source=chatgpt.com"", ""domain"": ""moneytothemasses.com"", ""citations"": 34, ""source_type"": ""Editorial Publication""}, {""url"": ""https://www.clearcredituk.com/blog/best-credit-builder-cards-uk-2025?utm_source=chatgpt.com"", ""domain"": ""clearcredituk.com"", ""citations"": 11, ""source_type"": ""Editorial Publication""}, {""url"": ""https://www.forbes.com/uk/advisor/credit-cards/best-cashback-and-reward/?utm_source=chatgpt.com"", ""domain"": ""forbes.com"", ""citations"": 11, ""source_type"": ""Editorial Publication""}]",[],"[{""domain"": ""moneytothemasses.com"", ""citations"": 60, ""source_type"": ""Editorial Publication"", ""unique_urls"": 6}, {""domain"": ""forbes.com"", ""citations"": 14, ""source_type"": ""Editorial Publication"", ""unique_urls"": 3}, {""domain"": ""clearcredituk.com"", ""citations"": 11, ""source_type"": ""Editorial Publication"", ""unique_urls"": 1}, {""domain"": ""goodmoneyguide.com"", ""citations"": 10, ""source_type"": ""Editorial Publication"", ""unique_urls"": 2}, {""domain"": ""which.co.uk"", ""citations"": 6, ""source_type"": ""Review / Comparison"", ""unique_urls"": 2}, {""domain"": ""finder.com"", ""citations"": 6, ""source_type"": ""Review / Comparison"", ""unique_urls"": 2}, {""domain"": ""comparebanks.co.uk"", ""citations"": 6, ""source_type"": ""Review / Comparison"", ""unique_urls"": 2}, {""domain"": ""reviewcentre.com"", ""citations"": 6, ""source_type"": ""Review / Comparison"", ""unique_urls"": 2}, {""domain"": ""moneyweek.com"", ""citations"": 4, ""source_type"": ""Editorial Publication"", ""unique_urls"": 1}, {""domain"": ""buyerratings.co.uk"", ""citations"": 4, ""source_type"": ""Review / Comparison"", ""unique_urls"": 1}, {""domain"": ""coffeethecanvas.com"", ""citations"": 3, ""source_type"": ""Editorial Publication"", ""unique_urls"": 1}, {""domain"": ""moneyfactsgroup.co.uk"", ""citations"": 3, ""source_type"": ""Editorial Publication"", ""unique_urls"": 1}, {""domain"": ""experian.co.uk"", ""citations"": 2, ""source_type"": ""Institutional Authority"", ""unique_urls"": 1}, {""domain"": ""moneysavingexpert.com"", ""citations"": 2, ""source_type"": ""Editorial Publication"", ""unique_urls"": 1}, {""domain"": ""siit.co"", ""citations"": 2, ""source_type"": ""Review / Comparison"", ""unique_urls"": 1}, {""domain"": ""lovemoney.com"", ""citations"": 1, ""source_type"": ""Editorial Publication"", ""unique_urls"": 1}, {""domain"": ""mintify.uk"", ""citations"": 1, ""source_type"": ""Editorial Publication"", ""unique_urls"": 1}, {""domain"": ""theguardian.com"", ""citations"": 1, ""source_type"": ""Editorial Publication"", ""unique_urls"": 1}]","[{""brand"": ""American Express"", ""count"": 21, ""sentiment"": {""Informational"": 15, ""Recommended"": 6}, ""is_competitor"": true, ""is_editorial_institutional"": false}, {""brand"": ""Barclaycard"", ""count"": 12, ""sentiment"": {""Informational"": 11, ""Comparative-Neutral"": 1}, ""is_competitor"": true, ""is_editorial_institutional"": false}, {""brand"": ""Lloyds"", ""count"": 10, ""sentiment"": {""Informational"": 8, ""Comparative-Neutral"": 1, ""Recommended"": 1}, ""is_competitor"": true, ""is_editorial_institutional"": false}, {""brand"": ""Tesco Bank"", ""count"": 8, ""sentiment"": {""Informational"": 6, ""Comparative-Neutral"": 1, ""Recommended"": 1}, ""is_competitor"": true, ""is_editorial_institutional"": false}, {""brand"": ""TSB"", ""count"": 6, ""sentiment"": {""Informational"": 5, ""Recommended"": 1}, ""is_competitor"": true, ""is_editorial_institutional"": false}, {""brand"": ""HSBC"", ""count"": 5, ""sentiment"": {""Informational"": 5}, ""is_competitor"": true, ""is_editorial_institutional"": false}, {""brand"": ""Capital One"", ""count"": 5, ""sentiment"": {""Comparative-Neutral"": 1, ""Informational"": 4}, ""is_competitor"": false, ""is_editorial_institutional"": false}, {""brand"": ""Aqua"", ""count"": 4, ""sentiment"": {""Informational"": 4}, ""is_competitor"": true, ""is_editorial_institutional"": false}, {""brand"": ""MoneySavingExpert"", ""count"": 4, ""sentiment"": {""Informational"": 1, ""Recommended"": 3}, ""is_competitor"": false, ""is_editorial_institutional"": true}, {""brand"": ""Virgin Money"", ""count"": 3, ""sentiment"": {""Informational"": 3}, ""is_competitor"": true, ""is_editorial_institutional"": false}, {""brand"": ""Forbes"", ""count"": 3, ""sentiment"": {""Informational"": 3}, ""is_competitor"": false, ""is_editorial_institutional"": true}, {""brand"": ""Vanquis"", ""count"": 2, ""sentiment"": {""Comparative-Neutral"": 1, ""Informational"": 1}, ""is_competitor"": true, ""is_editorial_institutional"": false}, {""brand"": ""Halifax"", ""count"": 2, ""sentiment"": {""Informational"": 2}, ""is_competitor"": true, ""is_editorial_institutional"": false}, {""brand"": ""MBNA"", ""count"": 2, ""sentiment"": {""Informational"": 2}, ""is_competitor"": true, ""is_editorial_institutional"": false}, {""brand"": ""Santander"", ""count"": 1, ""sentiment"": {""Informational"": 1}, ""is_competitor"": true, ""is_editorial_institutional"": false}, {""brand"": ""NatWest"", ""count"": 1, ""sentiment"": {""Informational"": 1}, ""is_competitor"": true, ""is_editorial_institutional"": false}]","{""Comparative-Neutral"": 1, ""Informational"": 4}","{""Editorial Publication"": 110, ""Review / Comparison"": 30, ""Institutional Authority"": 2}","[{""url"": ""https://moneytothemasses.com/using-credit/credit-cards/best-credit-cards-in-the-uk?utm_source=chatgpt.com"", ""domain"": ""moneytothemasses.com"", ""description"": ""Here\u2019s a * current overview of some of the best credit cards available in the UK in 2026 \u2014 useful if you want rewards, low interest offers, balance transfer deals, or to build credit. (Note: eligibility and terms depend on your credit score and financial situation.) Money To The Masses +2 Money To The Masses"", ""citations"": 34}, {""url"": ""https://moneytothemasses.com/using-credit/credit-cards/compare-the-best-cashback-and-reward-credit-cards?utm_source=chatgpt.com"", ""domain"": ""moneytothemasses.com"", ""description"": ""HSBC Rewards Credit Card \u2013 Earn welcome points plus higher rewards at select retailers."", ""citations"": 11}, {""url"": ""https://www.clearcredituk.com/blog/best-credit-builder-cards-uk-2025?utm_source=chatgpt.com"", ""domain"": ""clearcredituk.com"", ""description"": ""Other credit-builder options include cards from Barclaycard, Capital One, Aqua and Vanquis, but interest rates can be high \u2014 these are only suitable if you pay in full each month."", ""citations"": 11}, {""url"": ""https://www.forbes.com/uk/advisor/credit-cards/best-cashback-and-reward/?utm_source=chatgpt.com"", ""domain"": ""forbes.com"", ""description"": ""Good for everyday spending if you pay the balance monthly Forbes 1+"", ""citations"": 11}, {""url"": ""https://moneytothemasses.com/using-credit/credit-cards/which-are-the-best-cashback-credit-cards-uk-earn-while-you-spend?utm_source=chatgpt.com"", ""domain"": ""moneytothemasses.com"", ""description"": ""American Express Cashback Everyday / Cashback Credit Card \u2013 intro cashback and ongoing rewards on purchases."", ""citations"": 8}]",2026-02-18 to 2026-03-17,12,142,30,18
e00f86c1-12f3-41f7-9ea3-30a12d193d7a,9974,SOURCE_GAP,PROMPT,Cited but never mentioned by name,Capital One's website is cited as a source (1.1%) but the brand is never mentioned in the response text. The content is useful to LLMs but lacks brand signals.,"Prompt: ""balance transfer cards""
Scrapes analysed: 8
Total citations: 87
Capital One mentions: 0 (0.0%)
Capital One citations: 1 (1.1%)
Competitor mentions: 31
Top competitors: HSBC (8), TSB (4), Barclaycard (4), Santander (4)
Top cited sources: hsbc.co.uk, which.co.uk, experian.co.uk","The LLM cites Capital One's website as a source but doesn't mention the brand name in its response. This suggests the content is useful but lacks clear brand signals — entity markup, structured data, or prominent brand positioning within the page content. HSBC dominates both citations (13) and mentions (8) for this prompt. Adding structured data, entity markup, and stronger brand mentions on the cited Capital One page would help convert source citations into brand visibility.","{""prompt"": ""balance transfer cards"", ""own_mention_rate"": 0.0, ""own_source_rate"": 1.1, ""own_mention_count"": 0, ""own_source_count"": 1, ""total_citations"": 87, ""cautionary_rate"": 0.0, ""recommended_rate"": 0.0, ""competitor_mentions"": 26, ""top_competitors"": [{""name"": ""HSBC"", ""count"": 8}, {""name"": ""TSB"", ""count"": 4}, {""name"": ""Barclaycard"", ""count"": 4}, {""name"": ""Santander"", ""count"": 4}, {""name"": ""NatWest"", ""count"": 2}], ""top_sources"": [{""domain"": ""hsbc.co.uk"", ""count"": 13}, {""domain"": ""which.co.uk"", ""count"": 11}, {""domain"": ""experian.co.uk"", ""count"": 8}], ""source_types"": {""Editorial Publication"": 37, ""Direct Competitor"": 18, ""Review / Comparison"": 18, ""Institutional Authority"": 13, ""Client Brand"": 1}, ""mention_trend"": ""Stable"", ""period_1_mention_rate"": 0.0, ""period_2_mention_rate"": 0.0, ""trend_delta"": 0.0, ""trend_method"": ""week_over_week_2w_avg"", ""weekly_breakdown"": {""2026-W08"": {""avg_mention_rate"": 0.0, ""scrape_days"": 1}, ""2026-W09"": {""avg_mention_rate"": 0.0, ""scrape_days"": 1}, ""2026-W10"": {""avg_mention_rate"": 0.0, ""scrape_days"": 1}, ""2026-W11"": {""avg_mention_rate"": 0.0, ""scrape_days"": 5}}}",Invisible,2026-03-19,,2026-02-17 to 2026-03-17,,chatgpt,"[{""url"": ""https://www.experian.co.uk/consumer/credit-cards/types/what-is-balance-transfer.html?utm_source=chatgpt.com"", ""domain"": ""experian.co.uk"", ""citations"": 7, ""source_type"": ""Institutional Authority""}, {""url"": ""https://www.moneynet.co.uk/credit-cards/balance-transfer-credit-cards-lowest-fee/?utm_source=chatgpt.com"", ""domain"": ""moneynet.co.uk"", ""citations"": 6, ""source_type"": ""Editorial Publication""}, {""url"": ""https://moneyweek.com/personal-finance/credit-cards/602758/zero-percent-balance-transfer-credit-cards?utm_source=chatgpt.com"", ""domain"": ""moneyweek.com"", ""citations"": 6, ""source_type"": ""Editorial Publication""}]","[{""url"": ""https://www.capitalone.co.uk/creditcards/balance-transfer-credit-cards?utm_source=chatgpt.com"", ""domain"": ""capitalone.co.uk"", ""citations"": 1}]","[{""domain"": ""hsbc.co.uk"", ""citations"": 13, ""source_type"": ""Direct Competitor"", ""unique_urls"": 5}, {""domain"": ""which.co.uk"", ""citations"": 11, ""source_type"": ""Review / Comparison"", ""unique_urls"": 2}, {""domain"": ""experian.co.uk"", ""citations"": 8, ""source_type"": ""Institutional Authority"", ""unique_urls"": 2}, {""domain"": ""moneynet.co.uk"", ""citations"": 6, ""source_type"": ""Editorial Publication"", ""unique_urls"": 1}, {""domain"": ""moneyweek.com"", ""citations"": 6, ""source_type"": ""Editorial Publication"", ""unique_urls"": 1}, {""domain"": ""forbes.com"", ""citations"": 6, ""source_type"": ""Editorial Publication"", ""unique_urls"": 2}, {""domain"": ""uswitch.com"", ""citations"": 5, ""source_type"": ""Review / Comparison"", ""unique_urls"": 1}, {""domain"": ""bankrate.com"", ""citations"": 4, ""source_type"": ""Editorial Publication"", ""unique_urls"": 2}, {""domain"": ""santander.co.uk"", ""citations"": 3, ""source_type"": ""Direct Competitor"", ""unique_urls"": 1}, {""domain"": ""td.com"", ""citations"": 3, ""source_type"": ""Editorial Publication"", ""unique_urls"": 2}, {""domain"": ""moneysmart.gov.au"", ""citations"": 3, ""source_type"": ""Institutional Authority"", ""unique_urls"": 1}, {""domain"": ""lovemoney.com"", ""citations"": 2, ""source_type"": ""Editorial Publication"", ""unique_urls"": 1}, {""domain"": ""theguardian.com"", ""citations"": 2, ""source_type"": ""Editorial Publication"", ""unique_urls"": 1}, {""domain"": ""natwest.com"", ""citations"": 2, ""source_type"": ""Direct Competitor"", ""unique_urls"": 1}, {""domain"": ""confused.com"", ""citations"": 2, ""source_type"": ""Review / Comparison"", ""unique_urls"": 1}, {""domain"": ""capitalone.co.uk"", ""citations"": 1, ""source_type"": ""Client Brand"", ""unique_urls"": 1}, {""domain"": ""goodmoneyguide.com"", ""citations"": 1, ""source_type"": ""Editorial Publication"", ""unique_urls"": 1}, {""domain"": ""co-operativebank.co.uk"", ""citations"": 1, ""source_type"": ""Editorial Publication"", ""unique_urls"": 1}, {""domain"": ""money.co.uk"", ""citations"": 1, ""source_type"": ""Editorial Publication"", ""unique_urls"": 1}, {""domain"": ""thesun.co.uk"", ""citations"": 1, ""source_type"": ""Editorial Publication"", ""unique_urls"": 1}, {""domain"": ""investopedia.com"", ""citations"": 1, ""source_type"": ""Editorial Publication"", ""unique_urls"": 1}, {""domain"": ""nerdwallet.com"", ""citations"": 1, ""source_type"": ""Editorial Publication"", ""unique_urls"": 1}, {""domain"": ""bankofamerica.com"", ""citations"": 1, ""source_type"": ""Editorial Publication"", ""unique_urls"": 1}, {""domain"": ""moneysavingexpert.com"", ""citations"": 1, ""source_type"": ""Editorial Publication"", ""unique_urls"": 1}, {""domain"": ""penfed.org"", ""citations"": 1, ""source_type"": ""Institutional Authority"", ""unique_urls"": 1}, {""domain"": ""experian.com"", ""citations"": 1, ""source_type"": ""Institutional Authority"", ""unique_urls"": 1}]","[{""brand"": ""HSBC"", ""count"": 8, ""sentiment"": {""Informational"": 6, ""Cautionary"": 2}, ""is_competitor"": true, ""is_editorial_institutional"": false}, {""brand"": ""TSB"", ""count"": 4, ""sentiment"": {""Informational"": 4}, ""is_competitor"": true, ""is_editorial_institutional"": false}, {""brand"": ""Barclaycard"", ""count"": 4, ""sentiment"": {""Informational"": 4}, ""is_competitor"": true, ""is_editorial_institutional"": false}, {""brand"": ""Santander"", ""count"": 4, ""sentiment"": {""Informational"": 4}, ""is_competitor"": true, ""is_editorial_institutional"": false}, {""brand"": ""NatWest"", ""count"": 2, ""sentiment"": {""Informational"": 2}, ""is_competitor"": true, ""is_editorial_institutional"": false}, {""brand"": ""Tesco Bank"", ""count"": 2, ""sentiment"": {""Informational"": 2}, ""is_competitor"": true, ""is_editorial_institutional"": false}, {""brand"": ""Virgin Money"", ""count"": 1, ""sentiment"": {""Informational"": 1}, ""is_competitor"": true, ""is_editorial_institutional"": false}, {""brand"": ""Barclays"", ""count"": 1, ""sentiment"": {""Informational"": 1}, ""is_competitor"": true, ""is_editorial_institutional"": false}]",{},"{""Editorial Publication"": 37, ""Direct Competitor"": 18, ""Review / Comparison"": 18, ""Institutional Authority"": 13, ""Client Brand"": 1}","[{""url"": ""https://www.experian.co.uk/consumer/credit-cards/types/what-is-balance-transfer.html?utm_source=chatgpt.com"", ""domain"": ""experian.co.uk"", ""description"": ""A balance transfer card lets you move existing credit card debt onto a new card with a 0% interest period on that transferred amount, so you don\u2019t pay interest while you repay the balance. There\u2019s usually a fee (2\u20133.5%) for each transfer. Experian"", ""citations"": 7}, {""url"": ""https://www.moneynet.co.uk/credit-cards/balance-transfer-credit-cards-lowest-fee/?utm_source=chatgpt.com"", ""domain"": ""moneynet.co.uk"", ""description"": ""Promotional periods vary widely \u2014 from 12 months up to 35+ months . MoneyNet 1+"", ""citations"": 6}, {""url"": ""https://moneyweek.com/personal-finance/credit-cards/602758/zero-percent-balance-transfer-credit-cards?utm_source=chatgpt.com"", ""domain"": ""moneyweek.com"", ""description"": ""Long-term 0% periods \u2014 often 30\u201335+ months \u2014 suitable for larger debts."", ""citations"": 6}, {""url"": ""https://www.which.co.uk/money/credit-cards-and-loans/credit-cards/best-credit-card-deals/best-0-balance-transfer-credit-cards-atmfj4r64a0d?mi_ecmp=m_mw_em_271221&mi_u=211867976&utm_source=chatgpt.com"", ""domain"": ""which.co.uk"", ""description"": ""TSB Platinum Balance Transfer Card \u2013 up to ~38 months at 0%, fee around ~3.49%"", ""citations"": 6}, {""url"": ""https://www.hsbc.co.uk/credit-cards/what-is-a-balance-transfer/?utm_source=chatgpt.com"", ""domain"": ""hsbc.co.uk"", ""description"": ""Here\u2019s a clear guide to balance transfer credit cards if you\u2019re in the UK \u2014 what they are, how they work, and the current top options:"", ""citations"": 5}]",2026-02-19 to 2026-03-13,8,87,35,26
020149d2-7cb6-478c-a8b4-010dd0d86a03,9974,PROTECT_POSITION,PROMPT,Strong position — dominant owned-source presence,Capital One owns 91.7% of citations and is mentioned in 29.2% of responses. No competitors are mentioned. This is a position to defend.,"Prompt: ""are capital one credit cards good for using abroad?""
Scrapes analysed: 13
Total citations: 96
Capital One mentions: 28 (29.2%)
Capital One citations: 88 (91.7%)
Competitor mentions: 0
Third-party rate: 8.3%
Top cited sources: capitalone.com (54), capitalone.co.uk (34), reddit.com (7)",Capital One is well-positioned for this prompt with dominant owned-source presence and no competitor interference. The 91.7% citation rate means LLMs overwhelmingly reference Capital One's own content when answering this query. The small Reddit presence (7 citations) is the only third-party voice. This is a position to defend — monitor for competitor content targeting this query and maintain content freshness on the cited pages.,"{""prompt"": ""are capital one credit cards good for using abroad?"", ""own_mention_rate"": 29.2, ""own_source_rate"": 91.7, ""own_mention_count"": 28, ""own_source_count"": 88, ""total_citations"": 96, ""cautionary_rate"": 1.0, ""recommended_rate"": 1.0, ""competitor_mentions"": 0, ""top_competitors"": [], ""top_sources"": [{""domain"": ""capitalone.com"", ""count"": 54}, {""domain"": ""capitalone.co.uk"", ""count"": 34}, {""domain"": ""reddit.com"", ""count"": 7}], ""source_types"": {""Client Brand"": 88, ""UGC / Community"": 7, ""Editorial Publication"": 1}, ""mention_trend"": ""Stable"", ""period_1_mention_rate"": 28.6, ""period_2_mention_rate"": 28.9, ""trend_delta"": 0.3, ""trend_method"": ""week_over_week_2w_avg"", ""weekly_breakdown"": {""2026-W08"": {""avg_mention_rate"": 28.5, ""scrape_days"": 2}, ""2026-W09"": {""avg_mention_rate"": 29.3, ""scrape_days"": 4}, ""2026-W10"": {""avg_mention_rate"": 27.8, ""scrape_days"": 3}, ""2026-W11"": {""avg_mention_rate"": 32.8, ""scrape_days"": 3}, ""2026-W12"": {""avg_mention_rate"": 25.0, ""scrape_days"": 1}}}",Strong Position,2026-03-19,,2026-02-17 to 2026-03-17,,chatgpt,"[{""url"": ""https://www.reddit.com/r/travel/comments/s8z21v/capital_one_is_terrible_for_international_travel/?utm_source=chatgpt.com"", ""domain"": ""reddit.com"", ""citations"": 2, ""source_type"": ""UGC / Community""}, {""url"": ""https://wise.com/us/blog/capital-one-savor-foreign-transaction-fee?utm_source=chatgpt.com"", ""domain"": ""wise.com"", ""citations"": 1, ""source_type"": ""Editorial Publication""}]","[{""url"": ""https://www.capitalone.co.uk/support/foreign-fees?utm_source=chatgpt.com"", ""domain"": ""capitalone.co.uk"", ""citations"": 34}, {""url"": ""https://www.capitalone.com/learn-grow/money-management/no-foreign-transaction-fee-credit-card/?utm_source=chatgpt.com"", ""domain"": ""capitalone.com"", ""citations"": 24}]","[{""domain"": ""capitalone.com"", ""citations"": 54, ""source_type"": ""Client Brand"", ""unique_urls"": 7}, {""domain"": ""capitalone.co.uk"", ""citations"": 34, ""source_type"": ""Client Brand"", ""unique_urls"": 1}, {""domain"": ""reddit.com"", ""citations"": 7, ""source_type"": ""UGC / Community"", ""unique_urls"": 4}, {""domain"": ""wise.com"", ""citations"": 1, ""source_type"": ""Editorial Publication"", ""unique_urls"": 1}]","[{""brand"": ""Capital One"", ""count"": 28, ""sentiment"": {""Comparative-Neutral"": 2, ""Informational"": 24, ""Cautionary"": 1, ""Recommended"": 1}, ""is_competitor"": false, ""is_editorial_institutional"": false}]","{""Comparative-Neutral"": 2, ""Informational"": 24, ""Cautionary"": 1, ""Recommended"": 1}","{""Client Brand"": 88, ""UGC / Community"": 7, ""Editorial Publication"": 1}","[{""url"": ""https://www.capitalone.co.uk/support/foreign-fees?utm_source=chatgpt.com"", ""domain"": ""capitalone.co.uk"", ""description"": ""1. ATM cash withdrawals can be costly Even if your card doesn\u2019t charge foreign transaction fees, cash withdrawals abroad can trigger cash advance fees and high ATM charges \u2014 so it\u2019s usually best to use the credit card for purchases and only take out cash when necessary."", ""citations"": 34}, {""url"": ""https://www.capitalone.com/learn-grow/money-management/no-foreign-transaction-fee-credit-card/?utm_source=chatgpt.com"", ""domain"": ""capitalone.com"", ""description"": ""1. No foreign transaction fees Many Capital One credit cards do not charge foreign transaction fees on purchases made in another currency, which can save you roughly 1\u20133 % on every international charge compared with cards that do charge a fee. Capital One 1+"", ""citations"": 24}, {""url"": ""https://www.capitalone.com/learn-grow/more-than-money/credit-card-for-international-travel/?utm_source=chatgpt.com"", ""domain"": ""capitalone.com"", ""description"": ""2. Merchant conversion options Often merchants abroad offer to convert the charge into your home currency (called Dynamic Currency Conversion ). Doing this can give you poor exchange rates, so it\u2019s usually better to pay in the local currency ."", ""citations"": 18}, {""url"": ""https://www.capitalone.com/learn-grow/money-management/tips-for-using-credit-card-internationally/?utm_source=chatgpt.com"", ""domain"": ""capitalone.com"", ""description"": ""4. No need to notify for travel generally doesn\u2019t require you to set a travel notification before using the card abroad \u2014 your card should work seamlessly where the network is accepted."", ""citations"": 7}, {""url"": ""https://www.reddit.com/r/travel/comments/s8z21v/capital_one_is_terrible_for_international_travel/?utm_source=chatgpt.com"", ""domain"": ""reddit.com"", ""description"": ""3. Rare practical issues Some travellers report occasional problems with online purchases requiring SMS verification (if you don\u2019t have access to your usual phone number while abroad). Experiences vary and many users say in-person card use works fine, but it\u2019s still wise to carry a backup card. Reddit 1+"", ""citations"": 2}]",2026-02-19 to 2026-03-17,13,96,13,4
